Item Name,Quantity,Link,Price of component(SAR,Price Of Component (USD,
Foam Board,4 sheets,https://www.amazon.sa/-/en/Polystyrene-Backing-Mounting-Presentations-Projects/dp/B0G5LV74HK/ref=sr_1_19?crid=1LSC1A0MQKUSW&dib=eyJ2IjoiMSJ9.xU15P8GfmKOpZcEAisk-0-HFYGkdKu-DkajR3luAPo0Q-vMDoao9-CmDJSt5tjNnl2ijejz-GcjP128umFe5OkTVVK2X-f1ftaEd6FoUpuJQllYhucIS2s-3EJJ4A0QjKVtT8SdaeEfB5uJbRpn69BawCf0r7EyYd3MYBg_ouJZztHQmdEcL8LsNICz17f0Xu7U4zSd0EtODvry2nXN05egJ_zhoi0HgaNtkGCij3Cp2APcSMzcqybpCZY_KyujeKn6l5BOpSkvf2yObVE7Stdy6pmcshgET-5B2qAalP-0.6qr-GJBHGSU9lhHhDnanX2cPYclr9RTqeCmq4fG1_iE&dib_tag=se&keywords=craft+foamboard&qid=1786187665&sprefix=craft+foamboar%2Caps%2C301&sr=8-19,140,37.8,
Skewer,100 Pc,https://www.amazon.sa/-/en/Hotpack-Bamboo-Skewer-Inch-Pieces/dp/B07P3X8R4V/ref=sr_1_6?crid=8OY4P1OYSAGQ&dib=eyJ2IjoiMSJ9.YUZtY2l1fU4s_mbmUrG90kyawvzKcxRr-nckXQ-EITUZyMS16aQlMyhDPIp0KxQjEcHRWKn2oGnWbnN6QoKx8n2kGGcbJbMK3FR9u_LcEKY1Jq8N5BTlUyOUjiHNknfSpq-gNQNkWLM55rTYZBiwrBJb1IRaLBaHYPSrtYDSzpmEp8oabIzfLeuILLhrzcWBFEL7TlifqnDXQQ0yMnLSR3mbyntbggwLon8pBC2YW6UeJdS71gaVCOLPAi6xlv81uPH2stgRB07FSLQbXEdEUN45eOb3xzHOYS084dGe-9Q.MV5fWIDsSYz9AkF9AxfXqvzDAvk94uAG7VCqq62AAF8&dib_tag=se&keywords=skewers&qid=1786187822&sprefix=skewe%2Caps%2C245&sr=8-6,4.5,1.215,
Steel Pushrods,10,https://www.amazon.sa/-/en/%CE%A61-2mm-L180mm-Steel-Airplane-Replacement/dp/B01EG48XBI/ref=sr_1_18?crid=2XA0GPA9QLF88&dib=eyJ2IjoiMSJ9.XYNAYEkeJv25st82lBg31ZJR2t_Ro390x3OitKvR85r3Eb2zSaOD0BzW2So9e3OvRluLG7800U9_97MqV0hEre66boQOlNirDxFfmquLnA0Dr5lNNWNV2H4_Gzg8EOhfgFtPD10ho11rgZgDpUUs_pYWb52SyN4s6dSZaRA_2cb5vUNj5bPtVW1KDDmzQrVGflyh9tJo-ubBdafIDKYeI8LZMDkiIx2rkyOMpYzSEQpppowu1zp095-s23Ef74XAPrEQm__clWDjOvV4P6IGE6eU5t8w8ob4llExfB8wIPs.luJmICQyBQwqL5jraDCTT9at4bXU8OHE7gtLLnjX6Tw&dib_tag=se&keywords=1-meter+Steel+Pushrod+Wire&qid=1786187923&sprefix=1-meter+steel+pushrod+wire%2Caps%2C281&sr=8-18,98,26.46,
Control Horns/Clevises,20 pc,https://www.amazon.sa/-/en/Generic-Control-Reusable-Airplane-Aircraft/dp/B0G3RSXHBB/ref=sr_1_5?crid=3RMXFC3FR4ETD&dib=eyJ2IjoiMSJ9.MVp8IdiqPgYkMJkGQjIT76PgUpfdB0NEsA_0ERl8qHNXjFrMw8lKrOVPP-pAWeFpsHuHWrhKsBAqIWNzv5IZHO1hZzJP9qV5ANo1NNvI02y1dGNQO6TcXIsycqMdh542aH6VlVjjR8KX6EUHIJ8S3KMZsTQc-5yscSHMK_w6hl7t9UHr0pVYpF7vJl08VjKE6rY3IpnlcM_z-mOXcyb4cZupgT76NANASN-NWp0bq_QaTXDdzJcSaCcn3--oahFbHGUzRJeQfCf_GBr8S9pXu6faCI3jUMDsbDqvmNKWnQU.xutMq-fPpCZft2Se7FICMEIDUUTjdX61pPfYTAJ_mXM&dib_tag=se&keywords=control+horns+and+clevises&qid=1786188036&sprefix=control+horns+and+clevises%2Caps%2C480&sr=8-5,57,15.39,
Motor Pack with ESCs,2 of them! like 2 instances not 2 motors,https://www.amazon.sa/dp/B0F212RWS1/ref=sspa_dk_hqp_detail_aax_0?aref=JaVSY2Dmgy&sp_csd=d2lkZ2V0TmFtZT1zcF9ocXBfc2hhcmVk&th=1,126,34.02,
Controller/Reciever Pack,1,https://www.amazon.sa/-/en/Transmitter-Receiver-Controller-Helicopter-Construction/dp/B0BSBVSVQC/ref=pd_bxgy_thbs_d_sccl_1/262-4111366-3443254?pd_rd_w=Lp7mN&content-id=amzn1.sym.7d0cc4fc-d30d-4787-a139-27780e690a6a&pf_rd_p=7d0cc4fc-d30d-4787-a139-27780e690a6a&pf_rd_r=E00TDPC9NXSAVTGR4MVT&pd_rd_wg=yqSjs&pd_rd_r=5c9a813e-e6bb-4cbe-b387-8f916033d176&pd_rd_i=B0B1MLXNY7&th=1,361,97.47,MAKE SURE TO SELECT THE i6X+iA10B OPTION OR ELSE I WONT HAVE ENOUGH CHANNELS!!
Servos,10 servos (buy from link,https://www.amazon.sa/-/en/Miuzei-Servo-Arduino-Project-Airplane/dp/B072V529YD/ref=sr_1_2?crid=3IJ35ZCAWEE57&dib=eyJ2IjoiMSJ9.M1B99AEOjF57Co4VVGsgFpb3hHCp8cE4upn0c1zsTthzWP6Rmi_fvGBDKueZcs4y-YBiK41o5WURpi-6Uy2KPvAJ-j8Gcg5xhImleuK0jUWHYRZReOUtfKkjhl9lGljicx82l-7hqdoJXq5ctDb5nmXMd095T0tai18mvFXiF5--HLeFR4Xh1G20LeCvHdcn7rishWLCqZ7dnbyTpNQ6kQ889Q_iXGwbiJXT25SbFHQSTlpWuCR_0KtBYaDeuOrkjEDbb3wPRiHy9-COJOET2ngm7NbsIF-1WpwRiRtinxY.wEpq_yP_HoUmxSUebZ3BQ8opSnuk23wbKk41aoB-3N8&dib_tag=se&keywords=10+pack+servos&qid=1786188874&sprefix=10+pack+servi%2Caps%2C450&sr=8-2,75,20.25,
Battery,2,https://www.amazon.sa/-/en/Zeee-Vehicles-Airplane-Quadcopter-Helicopter/dp/B0FDGK1NZQ/ref=sr_1_1?crid=1LW8GD9XV73AY&dib=eyJ2IjoiMSJ9.W-F9ixrz6FxnrBT2-nB_B4ZNJ1iDD7OSi8mpqZhLXanC0heu7CQ3SyKgtDbpfCTKOliOgRHPjGbs1pQN4JNZBIqc4fRM_b14Dt_WJveHwxlXhZl875GGPjaB7e1tV14dwZ4sx9X2hk1RweXMV-8FZLGD1RCN8jq2XF7zU5IBZYCczRWjPjomKk09y7mFhMbEF9YHaUHhgIN1MslsZgaV4QraiXs8zobiQgLWbwdutkx1PhVgILT2L8ErM2NsWHfRcq4vkovVI0fYYhseadGr0M9Oa7Ns_uC-RpIQhI1eimU.AQY2EdoPvAuwwchGla-tbVUQCQ9rukfFAFPfpO3SgRg&dib_tag=se&keywords=goldblatt+3s+2200mah+lipo+battery&qid=1786189150&sprefix=goldblat+3s+2200mah+lipo+batte%2Caps%2C219&sr=8-1,269,72.63,
Battery Charger,1,https://www.amazon.sa/-/en/Alsaffan-Multi-Chemistry-Power-Replenisher-Display/dp/B0DJQHJFYY/ref=pd_bxgy_d_sccl_1/262-4111366-3443254?pd_rd_w=LaErk&content-id=amzn1.sym.7d0cc4fc-d30d-4787-a139-27780e690a6a&pf_rd_p=7d0cc4fc-d30d-4787-a139-27780e690a6a&pf_rd_r=TD24KJVN1Q6WHPFA97JH&pd_rd_wg=2j0U3&pd_rd_r=5568bd4d-974e-4a8e-9619-e3000c337143&pd_rd_i=B0DJQHJFYY&psc=1,112,30.24,
Landing gear Base,3,https://www.amazon.sa/Retractable-Simulation-Compatible-Hobbyists-Enthusiasts/dp/B0FT8XHT58/ref=sr_1_1_sspa?crid=3O25NJP3KJUAW&dib=eyJ2IjoiMSJ9.u5glaq4YCfPZVkzO_1u_L0JB8SmFuTBNkrlLJu2i2EmZGz9P46yVmhIoodMnqLrUohRrQLg9DNz_idIe77dDJrx9W95jdCL8QEDwRm_ErgYosrJogp9OAekCrLTwFoCVdVyxJNSTar4NP_99bw9dap51aasm1XEcruDvbNKMHrD3OIwpOXwA5k5IcEyqTEVfn17xmOIK6JoXMoFDZS023C6YOOlvkAXp98Sj2FzdBhytom5dlbtjEOl-PL6Bdwng4l4AgiHzdB2I0B8VYsv4plGEzE38BpDNPn-nvWoteOo.CU-5GtZZu9CJTCXuTwso6Lk4lRlRP4iTphNZ4Wzmkkg&dib_tag=se&keywords=retractable+landing+gear&qid=1786195796&sprefix=retractable+landing+gea%2Caps%2C269&sr=8-1-spons&aref=BhYK5YJiUO&sp_csd=d2lkZ2V0TmFtZT1zcF9hdGY&psc=1,57,15.39,
Wheels Pack,1,https://www.amazon.sa/-/en/Briny-River-Compatible-Fighter-Control/dp/B0F3D7LJYL/ref=sr_1_5?adgrpid=161738681693&dib=eyJ2IjoiMSJ9.hKliGSOljdVecygevHDI9USX9ZNHU0sRngtyLuU1Xecmj5hY6ZfcfyNyGn6V39MZ_rWPN1qIRKZ-Ss4cKS16jhsnk-qq5nH4bf7iSIKWt8BvHuBKUSbzQXcVbXd11G-0lbBQEzy9nCDGtcYent1yo00EZ3fZ378vAYZNmsPshKC9JCNuIHmR497oI5P2x0p5mlE7_NYo-JS5RDaMiWl8ZHv5skB2u4d701qoMsRAhDA7lHv268z4H4MBwR7way2MT9t_5kBKfGUbD5S14a_sfEuURlYAylnwGvUWmWhLBMQ.qxc2055moagHojbsKvS5VBpVAMDtLHnHeQQRr9rcRDI&dib_tag=se&hvadid=698234311417&hvdev=c&hvexpln=0&hvlocphy=1012089&hvnetw=g&hvocijid=7370902022275476384--&hvqmt=e&hvrand=7370902022275476384&hvtargid=kwd-319797249354&hydadcr=5305_2388209&keywords=rc+plane+wheels&mcid=30842961783c3c5099174862319ab615&qid=1786196206&sr=8-5,78,21.06,
Servo extension cable,1,https://www.amazon.sa/20Pieces-Extension-Cables-Compatible-Airplanes/dp/B0FHDK9FZM/ref=sr_1_1_sspa?crid=2OJZVCL84XF5S&dib=eyJ2IjoiMSJ9._hajcOfelBSb_PBJ3IH7SG7ybOvaSCSVe9h0rHbvLLGbOpYWch8WbRzOqUr8fCR7Xf8BnmziruPFKeUMXdebsJtk_dCYjPsepjWvSlPXYVMWlt-2dc123uBooysk6xWeyNSQ2zP5c_UTEPHvgE9JpZGjWLzilTC4hG6Ji_pqphvuJ_dmmVG2sK0IaXZH71J3pCsiKcYU9mixc746d0vYvxUTMKED5XUDFHWaCPfFCAKBTcx2hO9GBr_M3HjY7HL9Yi6Omar4keurEsDeCUC4UwLSLqGMrGbFwlce9_U57dU.yUmHaaNXu2PG-BCjCSuQeYp_ZZ44PSOe9E8VbJZKEZc&dib_tag=se&keywords=servo+extension+cable&qid=1786196265&sprefix=servo+extension+cabl%2Caps%2C245&sr=8-1-spons&aref=CR9iswAo3Z&sp_csd=d2lkZ2V0TmFtZT1zcF9hdGY&psc=1,59,15.93,
Glue Gun,1,https://www.amazon.sa/Crafting-Sticks-Anti-Scald-Repairs-Plastic/dp/B0G3WBR4JF/ref=sr_1_1_sspa?crid=26LSEVFCVYQVK&dib=eyJ2IjoiMSJ9.jWfWJGfEVqrMjZZbjp3mgaZJPYDrYn3EcAEfH7Ln54AABOVl_vWgQHCua8Edkob1zDExgtPc3YB8SKajI-_v1VHtSudx657jmcJddMGJ61B2JSEm1Awq9yCKTyHCN1YhO89ocGCIW12EE3uE7wYRlIGhWrQR0VbMiMf40Rg4PlbbfoLzCz0rd6sRl4L1SHUIUMu8LfuMFo9XewIhpyq6-vxz0OtVwdZv3EfGOFeHdb4DZTWZHz65H7-z_D_V6K8ZZqQSg2z08iYIHEvc1m2BCFr-a_XqrETMlqheEcT-Cow.TP01AwQemZfjGCOtg_-tOffBeBlVifCjrkZPtGTM3XA&dib_tag=se&keywords=hot+glue+gun+with+40+glue+sticks&qid=1786196472&sprefix=hot+glue+gun+with+40+glue+stic%2Caps%2C228&sr=8-1-spons&aref=cmSRnMBgsD&sp_csd=d2lkZ2V0TmFtZT1zcF9hdGY&psc=1,49,13.23,
Knife,1,https://www.amazon.sa/-/en/TERRIFI-Precision-Architecture-Modeling-Scrapbooking/dp/B0BW99P57J/ref=sr_1_9?crid=3R8C4G78ESX4A&dib=eyJ2IjoiMSJ9.nmKwxF41Dtmea1y3XvQcWStH3I6HK8zOfkU5gii_YJIHhk2yuvSUnSFg-GCIE73JRZuQhBMtf0RWK7QrTHrQSRJbaHnodSxT6E-LUJp9_kkOtjZxo5JadPWmpQoj09a6F-dvPHG4r1bBoGF1tcrcyt2t_hIaJb1BaZwOvg_6CD18jPXHrgHGZoaxbxTlvCrYoZcs_8wazxkOYMMTCQSOoIDVBnfcBaGHWt7Z1OnofaBi4u4lhSNvASncrb6IW8FVyqdFI6txN4q8u1BddM38J3dYh3AHLsKHq_mxXkaZdH8.pSGRte9w_uujBOZBswZxrVUE-0FaPrl7IrClTaCBnb4&dib_tag=se&keywords=craft+kit+with+craft+knife&qid=1786196519&sprefix=craft+kit+with+craft+kn%2Caps%2C228&sr=8-9,45,12.15,
Soldering Iron kit,1,https://www.amazon.sa/-/en/Premium-Soldering-Adjustable-Temperature-200-450%E2%84%83/dp/B0B3D96MN6/ref=sr_1_5?crid=2XKG80IUFXZ30&dib=eyJ2IjoiMSJ9.1Ybt2Cn1sWuhpQvn6Mr4EqHOZWeIjKQ6DyxlS2Jok8WQMwhLsa1UOUDrJpg1odjtZgHQT27-JEBhKFY2h8mzHji4aPOvurxpCisH7jmEhpB9CIqFVPENzfHCqfsdUO2VWoCoNG3296fi59TbJChPK9RhN-t1s5d9ABXjsIvGI6j_TSoqZxajg2BvwW3bglYtCqOVlX9Cx7WeTbA2EHOq0QUlsvHBYb3p6B5QQ3vNtZJiydssyll_dPiWHixJAFuSHGZR2nmrt77M-fuV3qfPaDMNDtpjuk1yAOncqeN5ppQ.hbX8OuL7goM4lWKfEd8v6VKEHPLYeul8KCmk-fXrQ94&dib_tag=se&keywords=soldering+kit+wire&qid=1786196585&sprefix=soldering+kit+wi%2Caps%2C249&sr=8-5,106,28.62,
Velcro,1,https://www.amazon.sa/YRQX-Self-Adhesive-Double-Sided-Velcro-Reusable/dp/B0FDQGW72L/ref=sr_1_3_sspa?crid=2CMAZ38YLFNQO&dib=eyJ2IjoiMSJ9.jeJ_3EuLLrADHFwD6nAlSZQZAoRxrtErtDYmus79v8YfhDarEWoUoCZGXTzzMFWISpRKbacZFvNocYETEDgMBo7O2JyI7MDw2DYlN0ou4W4XP8sGXDoSIx7qT60EfsF7LE_dfRb-j5SX2Q1J00qADoahjFqm5eOJ_HjD3n2JF_gvq3pdiydwB4GIkqhp-KPk43K-PESEIzHdpyNcyGozETiH4g8qQwuLIBX2qzkVvnJBTBeymocrTY-WtjaQYAmeRr0XXZ4wNJ6BH0I7Q-DNnFEHZf_K5dguCNcD45D2RLA.-oUKL2K0bwOC66bsiBXaBhKcVM_R6c3KoUHSI8Q2p0Y&dib_tag=se&keywords=velcro+tape&qid=1786196640&sprefix=velcro+tape%2Caps%2C229&sr=8-3-spons&aref=ldJrjfdlAq&sp_csd=d2lkZ2V0TmFtZT1zcF9hdGY&psc=1,42,11.34,
Tape,1,https://www.amazon.sa/-/en/MARKQ-Adhesive-Packing-Kitchen-Outdoor/dp/B0B94PYGSD/ref=sr_1_14?crid=H00L9C10YNYE&dib=eyJ2IjoiMSJ9.yrQgFT89cOtGIbO1oAVv2Qwk61C9QiH0VrByAlzcW7gVSrEmI2kgk7BuhIWNl_3jpcZJ_Pu8AxZdYvd1O-MYI6aqJlgs7zotucCptWUVufeU2yjChraqnIxRnxwiodpmp7dlLImMalBbT6E7odSrQ0AW-zY2ZfohIpxbIQGxaigXZKCvXMXX-sMzvIMpSSU8qX05hgVoPIcpDYmW0iN5k53m3Po67XKDMRvOVEWnecmqoqR-Ke-zgcm3aOFdJh8n9vaPVtPpptWpkz7qSkHF_xX7JRHo_ttZgvqsG4TDJyU.Ls1yTZq7gceLO_WGGIFZYE5LZ266PHup6LFGyHXY1XM&dib_tag=se&keywords=heavy+duty+hobby+tape&qid=1786196714&sprefix=heavy+duty+hobby+tap%2Caps%2C229&sr=8-14,28,7.56,
Camera,1,https://www.noon.com/saudi-en/mini-sq11-1080p-hd-sports-dv-camera-portable-night-vision-with-motion-detection-wide-angle-for-home-and-office-supported-32gb-max-tf-card/ZE291104C0869612E7EB8Z/p/?utm_source=c1000087L&utm_medium=cpc&utm_campaign=C1000184884N_sa_ar_camera_1072026_noon_both_c1000087l_open_plassc_&gad_source=1&gad_campaignid=17338773481&gclid=Cj0KCQjwp9vTBhCWARIsANaUrjvu4BOkBv0kQr81QcHLKTX5u5sNkw7yM-KT4fWGsKWWXteFLcXcOvMaAsM0EALw_wcB,42,11.34,
SD card,1,https://www.amazon.sa/Lexar-microSDXC-Adapter-Smartphones-LMS0633064G-BNNAA/dp/B0BX9BH17W/ref=sr_1_1_sspa?adgrpid=101015383846&dib=eyJ2IjoiMSJ9.E5gq0hBHuUCKvQMWC4EzHOcPOTmPVwVLwWu6jUfmEjbDzduFewblZm0tH-0sEWf8ezQR-uK6VgHSjMtbiev8ICTejaC_GrwryREP4SDuuYmvuahPsaJePuXBvkvdBB0Zto8izaDwC9XfGPyf2n87QZBMb4aon2XyIvc2QqVu3ls8ooMkEOqwc_DcERLUtCf_tHxAq9xTuar6oMKsC68wPbnLDBvjYga-NNhItV4pW3-mRQz0b19Cj4mkkdOJ5P5kPK237hbNslEeFZaMMfXnGu-yMUbyyWaPc1JaZ99cxeU.zgafVe0BGwatHO5qSe7BMKRSLe8KChXs_TltwkUnd3I&dib_tag=se&hvadid=669651447529&hvdev=c&hvexpln=0&hvlocphy=1012089&hvnetw=g&hvocijid=16715146292021433821--&hvqmt=e&hvrand=16715146292021433821&hvtargid=kwd-1899823465&hydadcr=9816_2295321&keywords=microsd%2Bcard&mcid=82407b037ead308ba00742fc1614792e&qid=1786198073&sr=8-1-spons&aref=S14aCUy5LU&sp_csd=d2lkZ2V0TmFtZT1zcF9hdGY&th=1,89,24.03,
,,,,,
Total(SAR):,1837.5,,,,
Total:USD:,496.125,,,,